run,alpha,eps,beta,epochs,batch_size,hidden,dropout,seed,device,min_test_loss
sweep01,1e-05,1e-06,0.5,100,128,128,0.2,42,cpu,1.81140299
sweep02,1e-05,1e-06,0.57,100,128,128,0.2,42,cpu,1.78882712
sweep03,1e-05,1e-06,0.64,100,128,128,0.2,42,cpu,2.76350931
sweep04,1e-05,1e-06,0.71,100,128,128,0.2,42,cpu,1059.44326326
sweep05,1e-05,1e-06,0.78,100,128,128,0.2,42,cpu,37715.78816748
sweep06,1e-05,1e-06,0.85,100,128,128,0.2,42,cpu,899.73301504
sweep07,1e-05,1e-06,0.9199999999999999,100,128,128,0.2,42,cpu,255.39010419
sweep08,1e-05,1e-06,0.99,100,128,128,0.2,42,cpu,577423.41158981
sweep09,1e-05,2.6826957952797274e-06,0.5,100,128,128,0.2,42,cpu,5.77682657
sweep10,1e-05,2.6826957952797274e-06,0.57,100,128,128,0.2,42,cpu,1.7911478
sweep11,1e-05,2.6826957952797274e-06,0.64,100,128,128,0.2,42,cpu,1.84160409
sweep12,1e-05,2.6826957952797274e-06,0.71,100,128,128,0.2,42,cpu,20.34571903
sweep13,1e-05,2.6826957952797274e-06,0.78,100,128,128,0.2,42,cpu,3.29180494
sweep14,1e-05,2.6826957952797274e-06,0.85,100,128,128,0.2,42,cpu,13629.27481038
sweep15,1e-05,2.6826957952797274e-06,0.9199999999999999,100,128,128,0.2,42,cpu,405.06366032
sweep16,1e-05,2.6826957952797274e-06,0.99,100,128,128,0.2,42,cpu,9957.51173961
sweep17,1e-05,7.196856730011514e-06,0.5,100,128,128,0.2,42,cpu,20.77048465
sweep18,1e-05,7.196856730011514e-06,0.57,100,128,128,0.2,42,cpu,3.03068836
sweep19,1e-05,7.196856730011514e-06,0.64,100,128,128,0.2,42,cpu,152.51166066
sweep20,1e-05,7.196856730011514e-06,0.71,100,128,128,0.2,42,cpu,578.7887354
sweep21,1e-05,7.196856730011514e-06,0.78,100,128,128,0.2,42,cpu,4.07570205
sweep22,1e-05,7.196856730011514e-06,0.85,100,128,128,0.2,42,cpu,2.2746824
sweep23,1e-05,7.196856730011514e-06,0.9199999999999999,100,128,128,0.2,42,cpu,1223.54126688
sweep24,1e-05,7.196856730011514e-06,0.99,100,128,128,0.2,42,cpu,2447709911.238835
sweep25,1e-05,1.9306977288832496e-05,0.5,100,128,128,0.2,42,cpu,504.45090954
sweep26,1e-05,1.9306977288832496e-05,0.57,100,128,128,0.2,42,cpu,1.91634765
sweep27,1e-05,1.9306977288832496e-05,0.64,100,128,128,0.2,42,cpu,2.07861936
sweep28,1e-05,1.9306977288832496e-05,0.71,100,128,128,0.2,42,cpu,1.83911295
sweep29,1e-05,1.9306977288832496e-05,0.78,100,128,128,0.2,42,cpu,12.48533556
sweep30,1e-05,1.9306977288832496e-05,0.85,100,128,128,0.2,42,cpu,2481.42981407
sweep31,1e-05,1.9306977288832496e-05,0.9199999999999999,100,128,128,0.2,42,cpu,129711.68325243
sweep32,1e-05,1.9306977288832496e-05,0.99,100,128,128,0.2,42,cpu,11525.65661597
sweep33,1e-05,5.1794746792312125e-05,0.5,100,128,128,0.2,42,cpu,41.83195333
sweep34,1e-05,5.1794746792312125e-05,0.57,100,128,128,0.2,42,cpu,37.5713137
sweep35,1e-05,5.1794746792312125e-05,0.64,100,128,128,0.2,42,cpu,1.78746616
sweep36,1e-05,5.1794746792312125e-05,0.71,100,128,128,0.2,42,cpu,2.07004718
sweep37,1e-05,5.1794746792312125e-05,0.78,100,128,128,0.2,42,cpu,4.7453632
sweep38,1e-05,5.1794746792312125e-05,0.85,100,128,128,0.2,42,cpu,1.91053415
sweep39,1e-05,5.1794746792312125e-05,0.9199999999999999,100,128,128,0.2,42,cpu,8903713473370.967
sweep40,1e-05,5.1794746792312125e-05,0.99,100,128,128,0.2,42,cpu,10010576.73592233
sweep41,1e-05,0.00013894954943731373,0.5,100,128,128,0.2,42,cpu,1.78885258
sweep42,1e-05,0.00013894954943731373,0.57,100,128,128,0.2,42,cpu,1.80603294
sweep43,1e-05,0.00013894954943731373,0.64,100,128,128,0.2,42,cpu,3.49200624
sweep44,1e-05,0.00013894954943731373,0.71,100,128,128,0.2,42,cpu,1.83261113
sweep45,1e-05,0.00013894954943731373,0.78,100,128,128,0.2,42,cpu,1.85940093
sweep46,1e-05,0.00013894954943731373,0.85,100,128,128,0.2,42,cpu,5705.32747364
sweep47,1e-05,0.00013894954943731373,0.9199999999999999,100,128,128,0.2,42,cpu,5.48291312
sweep48,1e-05,0.00013894954943731373,0.99,100,128,128,0.2,42,cpu,46475250.19805826
sweep49,1e-05,0.0003727593720314938,0.5,100,128,128,0.2,42,cpu,1.78719361
sweep50,1e-05,0.0003727593720314938,0.57,100,128,128,0.2,42,cpu,1.80656336
sweep51,1e-05,0.0003727593720314938,0.64,100,128,128,0.2,42,cpu,1.87762208
sweep52,1e-05,0.0003727593720314938,0.71,100,128,128,0.2,42,cpu,230.77215369
sweep53,1e-05,0.0003727593720314938,0.78,100,128,128,0.2,42,cpu,1157761.53288835
sweep54,1e-05,0.0003727593720314938,0.85,100,128,128,0.2,42,cpu,431.91841537
sweep55,1e-05,0.0003727593720314938,0.9199999999999999,100,128,128,0.2,42,cpu,9.29794846
sweep56,1e-05,0.0003727593720314938,0.99,100,128,128,0.2,42,cpu,6616048.70679612
sweep57,1e-05,0.001,0.5,100,128,128,0.2,42,cpu,1.78718029
sweep58,1e-05,0.001,0.57,100,128,128,0.2,42,cpu,1.78717554
sweep59,1e-05,0.001,0.64,100,128,128,0.2,42,cpu,255.25762619
sweep60,1e-05,0.001,0.71,100,128,128,0.2,42,cpu,49195042.67184466
sweep61,1e-05,0.001,0.78,100,128,128,0.2,42,cpu,15.11696354
sweep62,1e-05,0.001,0.85,100,128,128,0.2,42,cpu,59209.32245146
sweep63,1e-05,0.001,0.9199999999999999,100,128,128,0.2,42,cpu,96.38637411
sweep64,1e-05,0.001,0.99,100,128,128,0.2,42,cpu,14610.4163797
sweep65,2.6826957952797274e-05,1e-06,0.5,100,128,128,0.2,42,cpu,1.93135015
sweep66,2.6826957952797274e-05,1e-06,0.57,100,128,128,0.2,42,cpu,1.79003792
sweep67,2.6826957952797274e-05,1e-06,0.64,100,128,128,0.2,42,cpu,28030.54512288
sweep68,2.6826957952797274e-05,1e-06,0.71,100,128,128,0.2,42,cpu,2337.65187372
sweep69,2.6826957952797274e-05,1e-06,0.78,100,128,128,0.2,42,cpu,5.47888904
sweep70,2.6826957952797274e-05,1e-06,0.85,100,128,128,0.2,42,cpu,30046.59787621
sweep71,2.6826957952797274e-05,1e-06,0.9199999999999999,100,128,128,0.2,42,cpu,41233.33347239
sweep72,2.6826957952797274e-05,1e-06,0.99,100,128,128,0.2,42,cpu,20687184249.786407
sweep73,2.6826957952797274e-05,2.6826957952797274e-06,0.5,100,128,128,0.2,42,cpu,2.08713602
sweep74,2.6826957952797274e-05,2.6826957952797274e-06,0.57,100,128,128,0.2,42,cpu,5.25312359
sweep75,2.6826957952797274e-05,2.6826957952797274e-06,0.64,100,128,128,0.2,42,cpu,3.09582106
sweep76,2.6826957952797274e-05,2.6826957952797274e-06,0.71,100,128,128,0.2,42,cpu,1.81132516
sweep77,2.6826957952797274e-05,2.6826957952797274e-06,0.78,100,128,128,0.2,42,cpu,21.91257042
sweep78,2.6826957952797274e-05,2.6826957952797274e-06,0.85,100,128,128,0.2,42,cpu,1882403.01262136
sweep79,2.6826957952797274e-05,2.6826957952797274e-06,0.9199999999999999,100,128,128,0.2,42,cpu,452809.05018204
sweep80,2.6826957952797274e-05,2.6826957952797274e-06,0.99,100,128,128,0.2,42,cpu,712380544.0
sweep81,2.6826957952797274e-05,7.196856730011514e-06,0.5,100,128,128,0.2,42,cpu,5.2276972
sweep82,2.6826957952797274e-05,7.196856730011514e-06,0.57,100,128,128,0.2,42,cpu,1.78692903
sweep83,2.6826957952797274e-05,7.196856730011514e-06,0.64,100,128,128,0.2,42,cpu,1.8135442
sweep84,2.6826957952797274e-05,7.196856730011514e-06,0.71,100,128,128,0.2,42,cpu,104.53937938
sweep85,2.6826957952797274e-05,7.196856730011514e-06,0.78,100,128,128,0.2,42,cpu,4.73310254
sweep86,2.6826957952797274e-05,7.196856730011514e-06,0.85,100,128,128,0.2,42,cpu,199.45516959
sweep87,2.6826957952797274e-05,7.196856730011514e-06,0.9199999999999999,100,128,128,0.2,42,cpu,17525.43811438
sweep88,2.6826957952797274e-05,7.196856730011514e-06,0.99,100,128,128,0.2,42,cpu,77285.16308404
sweep89,2.6826957952797274e-05,1.9306977288832496e-05,0.5,100,128,128,0.2,42,cpu,1.80242211
sweep90,2.6826957952797274e-05,1.9306977288832496e-05,0.57,100,128,128,0.2,42,cpu,1.79047567
sweep91,2.6826957952797274e-05,1.9306977288832496e-05,0.64,100,128,128,0.2,42,cpu,127.69868201
sweep92,2.6826957952797274e-05,1.9306977288832496e-05,0.71,100,128,128,0.2,42,cpu,1.90508169
sweep93,2.6826957952797274e-05,1.9306977288832496e-05,0.78,100,128,128,0.2,42,cpu,11.19496741
sweep94,2.6826957952797274e-05,1.9306977288832496e-05,0.85,100,128,128,0.2,42,cpu,306.74310688
sweep95,2.6826957952797274e-05,1.9306977288832496e-05,0.9199999999999999,100,128,128,0.2,42,cpu,79.95949919
sweep96,2.6826957952797274e-05,1.9306977288832496e-05,0.99,100,128,128,0.2,42,cpu,2077329.32427184
sweep97,2.6826957952797274e-05,5.1794746792312125e-05,0.5,100,128,128,0.2,42,cpu,1.83852714
sweep98,2.6826957952797274e-05,5.1794746792312125e-05,0.57,100,128,128,0.2,42,cpu,1.85684957
sweep99,2.6826957952797274e-05,5.1794746792312125e-05,0.64,100,128,128,0.2,42,cpu,1.78746379
sweep100,2.6826957952797274e-05,5.1794746792312125e-05,0.71,100,128,128,0.2,42,cpu,9.3363465
sweep101,2.6826957952797274e-05,5.1794746792312125e-05,0.78,100,128,128,0.2,42,cpu,1366.21211009
sweep102,2.6826957952797274e-05,5.1794746792312125e-05,0.85,100,128,128,0.2,42,cpu,4.95771263
sweep103,2.6826957952797274e-05,5.1794746792312125e-05,0.9199999999999999,100,128,128,0.2,42,cpu,1853683.95169903
sweep104,2.6826957952797274e-05,5.1794746792312125e-05,0.99,100,128,128,0.2,42,cpu,1548479.53907767
sweep105,2.6826957952797274e-05,0.00013894954943731373,0.5,100,128,128,0.2,42,cpu,3.569639
sweep106,2.6826957952797274e-05,0.00013894954943731373,0.57,100,128,128,0.2,42,cpu,1.78882525
sweep107,2.6826957952797274e-05,0.00013894954943731373,0.64,100,128,128,0.2,42,cpu,1.83244334
sweep108,2.6826957952797274e-05,0.00013894954943731373,0.71,100,128,128,0.2,42,cpu,3.14158805
sweep109,2.6826957952797274e-05,0.00013894954943731373,0.78,100,128,128,0.2,42,cpu,7.13915748
sweep110,2.6826957952797274e-05,0.00013894954943731373,0.85,100,128,128,0.2,42,cpu,581.26903212
sweep111,2.6826957952797274e-05,0.00013894954943731373,0.9199999999999999,100,128,128,0.2,42,cpu,15.14764679
sweep112,2.6826957952797274e-05,0.00013894954943731373,0.99,100,128,128,0.2,42,cpu,30417.45624242
sweep113,2.6826957952797274e-05,0.0003727593720314938,0.5,100,128,128,0.2,42,cpu,39.81390565
sweep114,2.6826957952797274e-05,0.0003727593720314938,0.57,100,128,128,0.2,42,cpu,994.12649056
sweep115,2.6826957952797274e-05,0.0003727593720314938,0.64,100,128,128,0.2,42,cpu,51.3823334
sweep116,2.6826957952797274e-05,0.0003727593720314938,0.71,100,128,128,0.2,42,cpu,686.05527166
sweep117,2.6826957952797274e-05,0.0003727593720314938,0.78,100,128,128,0.2,42,cpu,3.12708746
sweep118,2.6826957952797274e-05,0.0003727593720314938,0.85,100,128,128,0.2,42,cpu,1329611.40194175
sweep119,2.6826957952797274e-05,0.0003727593720314938,0.9199999999999999,100,128,128,0.2,42,cpu,1.83737023
sweep120,2.6826957952797274e-05,0.0003727593720314938,0.99,100,128,128,0.2,42,cpu,1426393.77803398
sweep121,2.6826957952797274e-05,0.001,0.5,100,128,128,0.2,42,cpu,1.78937482
sweep122,2.6826957952797274e-05,0.001,0.57,100,128,128,0.2,42,cpu,136.82014562
sweep123,2.6826957952797274e-05,0.001,0.64,100,128,128,0.2,42,cpu,55.9727018
sweep124,2.6826957952797274e-05,0.001,0.71,100,128,128,0.2,42,cpu,63.63607473
sweep125,2.6826957952797274e-05,0.001,0.78,100,128,128,0.2,42,cpu,205.29958378
sweep126,2.6826957952797274e-05,0.001,0.85,100,128,128,0.2,42,cpu,52784.16447209
sweep127,2.6826957952797274e-05,0.001,0.9199999999999999,100,128,128,0.2,42,cpu,101.76605913
sweep128,2.6826957952797274e-05,0.001,0.99,100,128,128,0.2,42,cpu,5930587.99708738
sweep129,7.196856730011514e-05,1e-06,0.5,100,128,128,0.2,42,cpu,32.90220021
sweep130,7.196856730011514e-05,1e-06,0.57,100,128,128,0.2,42,cpu,7.96381741
sweep131,7.196856730011514e-05,1e-06,0.64,100,128,128,0.2,42,cpu,8084.74746283
sweep132,7.196856730011514e-05,1e-06,0.71,100,128,128,0.2,42,cpu,24152.8355355
sweep133,7.196856730011514e-05,1e-06,0.78,100,128,128,0.2,42,cpu,1.96548409
sweep134,7.196856730011514e-05,1e-06,0.85,100,128,128,0.2,42,cpu,38381.3333662
sweep135,7.196856730011514e-05,1e-06,0.9199999999999999,100,128,128,0.2,42,cpu,6.024511405400431e+17
sweep136,7.196856730011514e-05,1e-06,0.99,100,128,128,0.2,42,cpu,2114908.6461165
sweep137,7.196856730011514e-05,2.6826957952797274e-06,0.5,100,128,128,0.2,42,cpu,1.80818689
sweep138,7.196856730011514e-05,2.6826957952797274e-06,0.57,100,128,128,0.2,42,cpu,1.78764097
sweep139,7.196856730011514e-05,2.6826957952797274e-06,0.64,100,128,128,0.2,42,cpu,37.49837215
sweep140,7.196856730011514e-05,2.6826957952797274e-06,0.71,100,128,128,0.2,42,cpu,1.88005825
sweep141,7.196856730011514e-05,2.6826957952797274e-06,0.78,100,128,128,0.2,42,cpu,210.69092345
sweep142,7.196856730011514e-05,2.6826957952797274e-06,0.85,100,128,128,0.2,42,cpu,10.53023813
sweep143,7.196856730011514e-05,2.6826957952797274e-06,0.9199999999999999,100,128,128,0.2,42,cpu,9987.50450641
sweep144,7.196856730011514e-05,2.6826957952797274e-06,0.99,100,128,128,0.2,42,cpu,9859.32669903
sweep145,7.196856730011514e-05,7.196856730011514e-06,0.5,100,128,128,0.2,42,cpu,43.17310388
sweep146,7.196856730011514e-05,7.196856730011514e-06,0.57,100,128,128,0.2,42,cpu,7.08315547
sweep147,7.196856730011514e-05,7.196856730011514e-06,0.64,100,128,128,0.2,42,cpu,1.8071491
sweep148,7.196856730011514e-05,7.196856730011514e-06,0.71,100,128,128,0.2,42,cpu,1.86724859
sweep149,7.196856730011514e-05,7.196856730011514e-06,0.78,100,128,128,0.2,42,cpu,6.11288824
sweep150,7.196856730011514e-05,7.196856730011514e-06,0.85,100,128,128,0.2,42,cpu,45337.32828428
sweep151,7.196856730011514e-05,7.196856730011514e-06,0.9199999999999999,100,128,128,0.2,42,cpu,141024.37867112
sweep152,7.196856730011514e-05,7.196856730011514e-06,0.99,100,128,128,0.2,42,cpu,582611.05
sweep153,7.196856730011514e-05,1.9306977288832496e-05,0.5,100,128,128,0.2,42,cpu,1.78716864
sweep154,7.196856730011514e-05,1.9306977288832496e-05,0.57,100,128,128,0.2,42,cpu,2.29897953
sweep155,7.196856730011514e-05,1.9306977288832496e-05,0.64,100,128,128,0.2,42,cpu,712.94490682
sweep156,7.196856730011514e-05,1.9306977288832496e-05,0.71,100,128,128,0.2,42,cpu,230.84313242
sweep157,7.196856730011514e-05,1.9306977288832496e-05,0.78,100,128,128,0.2,42,cpu,29715.92293689
sweep158,7.196856730011514e-05,1.9306977288832496e-05,0.85,100,128,128,0.2,42,cpu,196106.75621966
sweep159,7.196856730011514e-05,1.9306977288832496e-05,0.9199999999999999,100,128,128,0.2,42,cpu,53723.39482706
sweep160,7.196856730011514e-05,1.9306977288832496e-05,0.99,100,128,128,0.2,42,cpu,666211.22433252
sweep161,7.196856730011514e-05,5.1794746792312125e-05,0.5,100,128,128,0.2,42,cpu,4.75400188
sweep162,7.196856730011514e-05,5.1794746792312125e-05,0.57,100,128,128,0.2,42,cpu,12.9986195
sweep163,7.196856730011514e-05,5.1794746792312125e-05,0.64,100,128,128,0.2,42,cpu,1.81172067
sweep164,7.196856730011514e-05,5.1794746792312125e-05,0.71,100,128,128,0.2,42,cpu,527.2566731
sweep165,7.196856730011514e-05,5.1794746792312125e-05,0.78,100,128,128,0.2,42,cpu,3.39001894
sweep166,7.196856730011514e-05,5.1794746792312125e-05,0.85,100,128,128,0.2,42,cpu,9817.83712075
sweep167,7.196856730011514e-05,5.1794746792312125e-05,0.9199999999999999,100,128,128,0.2,42,cpu,34.40711307
sweep168,7.196856730011514e-05,5.1794746792312125e-05,0.99,100,128,128,0.2,42,cpu,5909996.03980582
sweep169,7.196856730011514e-05,0.00013894954943731373,0.5,100,128,128,0.2,42,cpu,1.81934439
sweep170,7.196856730011514e-05,0.00013894954943731373,0.57,100,128,128,0.2,42,cpu,1.78792373
sweep171,7.196856730011514e-05,0.00013894954943731373,0.64,100,128,128,0.2,42,cpu,1.789841
sweep172,7.196856730011514e-05,0.00013894954943731373,0.71,100,128,128,0.2,42,cpu,742.75398411
sweep173,7.196856730011514e-05,0.00013894954943731373,0.78,100,128,128,0.2,42,cpu,1.97516049
sweep174,7.196856730011514e-05,0.00013894954943731373,0.85,100,128,128,0.2,42,cpu,3576.12865974
sweep175,7.196856730011514e-05,0.00013894954943731373,0.9199999999999999,100,128,128,0.2,42,cpu,230.49391799
sweep176,7.196856730011514e-05,0.00013894954943731373,0.99,100,128,128,0.2,42,cpu,20841.99739457
sweep177,7.196856730011514e-05,0.0003727593720314938,0.5,100,128,128,0.2,42,cpu,1.91475351
sweep178,7.196856730011514e-05,0.0003727593720314938,0.57,100,128,128,0.2,42,cpu,95.53423752
sweep179,7.196856730011514e-05,0.0003727593720314938,0.64,100,128,128,0.2,42,cpu,1.90620769
sweep180,7.196856730011514e-05,0.0003727593720314938,0.71,100,128,128,0.2,42,cpu,1.79772317
sweep181,7.196856730011514e-05,0.0003727593720314938,0.78,100,128,128,0.2,42,cpu,245.621879
sweep182,7.196856730011514e-05,0.0003727593720314938,0.85,100,128,128,0.2,42,cpu,77974738.01941748
sweep183,7.196856730011514e-05,0.0003727593720314938,0.9199999999999999,100,128,128,0.2,42,cpu,12.33792996
sweep184,7.196856730011514e-05,0.0003727593720314938,0.99,100,128,128,0.2,42,cpu,1746378348.116505
sweep185,7.196856730011514e-05,0.001,0.5,100,128,128,0.2,42,cpu,1.78928284
sweep186,7.196856730011514e-05,0.001,0.57,100,128,128,0.2,42,cpu,1.92698634
sweep187,7.196856730011514e-05,0.001,0.64,100,128,128,0.2,42,cpu,1.81811608
sweep188,7.196856730011514e-05,0.001,0.71,100,128,128,0.2,42,cpu,257985.28968447
sweep189,7.196856730011514e-05,0.001,0.78,100,128,128,0.2,42,cpu,27127.35931432
sweep190,7.196856730011514e-05,0.001,0.85,100,128,128,0.2,42,cpu,324983.71525476
sweep191,7.196856730011514e-05,0.001,0.9199999999999999,100,128,128,0.2,42,cpu,241.43168382
sweep192,7.196856730011514e-05,0.001,0.99,100,128,128,0.2,42,cpu,194384136.04660195
sweep193,0.00019306977288832496,1e-06,0.5,100,128,128,0.2,42,cpu,87.55261319
sweep194,0.00019306977288832496,1e-06,0.57,100,128,128,0.2,42,cpu,38.58827203
sweep195,0.00019306977288832496,1e-06,0.64,100,128,128,0.2,42,cpu,1.83534395
sweep196,0.00019306977288832496,1e-06,0.71,100,128,128,0.2,42,cpu,3.90976855
sweep197,0.00019306977288832496,1e-06,0.78,100,128,128,0.2,42,cpu,1.90923125
sweep198,0.00019306977288832496,1e-06,0.85,100,128,128,0.2,42,cpu,46.05133623
sweep199,0.00019306977288832496,1e-06,0.9199999999999999,100,128,128,0.2,42,cpu,2757.12830325
sweep200,0.00019306977288832496,1e-06,0.99,100,128,128,0.2,42,cpu,17333569953.5534
sweep201,0.00019306977288832496,2.6826957952797274e-06,0.5,100,128,128,0.2,42,cpu,1.9928838
sweep202,0.00019306977288832496,2.6826957952797274e-06,0.57,100,128,128,0.2,42,cpu,1.79290092
sweep203,0.00019306977288832496,2.6826957952797274e-06,0.64,100,128,128,0.2,42,cpu,183.01241778
sweep204,0.00019306977288832496,2.6826957952797274e-06,0.71,100,128,128,0.2,42,cpu,1.96137728
sweep205,0.00019306977288832496,2.6826957952797274e-06,0.78,100,128,128,0.2,42,cpu,2842765.35461165
sweep206,0.00019306977288832496,2.6826957952797274e-06,0.85,100,128,128,0.2,42,cpu,1060538.41371359
sweep207,0.00019306977288832496,2.6826957952797274e-06,0.9199999999999999,100,128,128,0.2,42,cpu,2154.55924937
sweep208,0.00019306977288832496,2.6826957952797274e-06,0.99,100,128,128,0.2,42,cpu,18774.53816937
sweep209,0.00019306977288832496,7.196856730011514e-06,0.5,100,128,128,0.2,42,cpu,1.80478277
sweep210,0.00019306977288832496,7.196856730011514e-06,0.57,100,128,128,0.2,42,cpu,778.62318257
sweep211,0.00019306977288832496,7.196856730011514e-06,0.64,100,128,128,0.2,42,cpu,24.1872861
sweep212,0.00019306977288832496,7.196856730011514e-06,0.71,100,128,128,0.2,42,cpu,1.78829602
sweep213,0.00019306977288832496,7.196856730011514e-06,0.78,100,128,128,0.2,42,cpu,31.48722529
sweep214,0.00019306977288832496,7.196856730011514e-06,0.85,100,128,128,0.2,42,cpu,1.83937234
sweep215,0.00019306977288832496,7.196856730011514e-06,0.9199999999999999,100,128,128,0.2,42,cpu,3.0665175785072274e+26
sweep216,0.00019306977288832496,7.196856730011514e-06,0.99,100,128,128,0.2,42,cpu,189477929023.6272
sweep217,0.00019306977288832496,1.9306977288832496e-05,0.5,100,128,128,0.2,42,cpu,1.98791901
sweep218,0.00019306977288832496,1.9306977288832496e-05,0.57,100,128,128,0.2,42,cpu,182.54186635
sweep219,0.00019306977288832496,1.9306977288832496e-05,0.64,100,128,128,0.2,42,cpu,16.70012395
sweep220,0.00019306977288832496,1.9306977288832496e-05,0.71,100,128,128,0.2,42,cpu,84.81700847
sweep221,0.00019306977288832496,1.9306977288832496e-05,0.78,100,128,128,0.2,42,cpu,179522.68728762
sweep222,0.00019306977288832496,1.9306977288832496e-05,0.85,100,128,128,0.2,42,cpu,1.80116717
sweep223,0.00019306977288832496,1.9306977288832496e-05,0.9199999999999999,100,128,128,0.2,42,cpu,286.35049027
sweep224,0.00019306977288832496,1.9306977288832496e-05,0.99,100,128,128,0.2,42,cpu,355184.2836165
sweep225,0.00019306977288832496,5.1794746792312125e-05,0.5,100,128,128,0.2,42,cpu,1.8171258
sweep226,0.00019306977288832496,5.1794746792312125e-05,0.57,100,128,128,0.2,42,cpu,1.830313
sweep227,0.00019306977288832496,5.1794746792312125e-05,0.64,100,128,128,0.2,42,cpu,1.83141935
sweep228,0.00019306977288832496,5.1794746792312125e-05,0.71,100,128,128,0.2,42,cpu,1.82072547
sweep229,0.00019306977288832496,5.1794746792312125e-05,0.78,100,128,128,0.2,42,cpu,84225.91747573
sweep230,0.00019306977288832496,5.1794746792312125e-05,0.85,100,128,128,0.2,42,cpu,28.63420248
sweep231,0.00019306977288832496,5.1794746792312125e-05,0.9199999999999999,100,128,128,0.2,42,cpu,445.43438336
sweep232,0.00019306977288832496,5.1794746792312125e-05,0.99,100,128,128,0.2,42,cpu,9952.07482744
sweep233,0.00019306977288832496,0.00013894954943731373,0.5,100,128,128,0.2,42,cpu,1.82152405
sweep234,0.00019306977288832496,0.00013894954943731373,0.57,100,128,128,0.2,42,cpu,103.97873997
sweep235,0.00019306977288832496,0.00013894954943731373,0.64,100,128,128,0.2,42,cpu,512.9675117
sweep236,0.00019306977288832496,0.00013894954943731373,0.71,100,128,128,0.2,42,cpu,990.40280975
sweep237,0.00019306977288832496,0.00013894954943731373,0.78,100,128,128,0.2,42,cpu,1896.44925324
sweep238,0.00019306977288832496,0.00013894954943731373,0.85,100,128,128,0.2,42,cpu,2715779354.8427186
sweep239,0.00019306977288832496,0.00013894954943731373,0.9199999999999999,100,128,128,0.2,42,cpu,32.89337366
sweep240,0.00019306977288832496,0.00013894954943731373,0.99,100,128,128,0.2,42,cpu,95421.5476335
sweep241,0.00019306977288832496,0.0003727593720314938,0.5,100,128,128,0.2,42,cpu,1.80670326
sweep242,0.00019306977288832496,0.0003727593720314938,0.57,100,128,128,0.2,42,cpu,1.78780604
sweep243,0.00019306977288832496,0.0003727593720314938,0.64,100,128,128,0.2,42,cpu,63.22497458
sweep244,0.00019306977288832496,0.0003727593720314938,0.71,100,128,128,0.2,42,cpu,55.21803734
sweep245,0.00019306977288832496,0.0003727593720314938,0.78,100,128,128,0.2,42,cpu,77.66123408
sweep246,0.00019306977288832496,0.0003727593720314938,0.85,100,128,128,0.2,42,cpu,7038295.0184466
sweep247,0.00019306977288832496,0.0003727593720314938,0.9199999999999999,100,128,128,0.2,42,cpu,645778.87542476
sweep248,0.00019306977288832496,0.0003727593720314938,0.99,100,128,128,0.2,42,cpu,73116.5717233
sweep249,0.00019306977288832496,0.001,0.5,100,128,128,0.2,42,cpu,1.79951842
sweep250,0.00019306977288832496,0.001,0.57,100,128,128,0.2,42,cpu,2.10287894
sweep251,0.00019306977288832496,0.001,0.64,100,128,128,0.2,42,cpu,27.83460722
sweep252,0.00019306977288832496,0.001,0.71,100,128,128,0.2,42,cpu,754.43271259
sweep253,0.00019306977288832496,0.001,0.78,100,128,128,0.2,42,cpu,5996.12138293
sweep254,0.00019306977288832496,0.001,0.85,100,128,128,0.2,42,cpu,2763.11732735
sweep255,0.00019306977288832496,0.001,0.9199999999999999,100,128,128,0.2,42,cpu,32.41950777
sweep256,0.00019306977288832496,0.001,0.99,100,128,128,0.2,42,cpu,303004.08756068
sweep257,0.0005179474679231213,1e-06,0.5,100,128,128,0.2,42,cpu,331.18040019
sweep258,0.0005179474679231213,1e-06,0.57,100,128,128,0.2,42,cpu,619.70100453
sweep259,0.0005179474679231213,1e-06,0.64,100,128,128,0.2,42,cpu,65038.07568265
sweep260,0.0005179474679231213,1e-06,0.71,100,128,128,0.2,42,cpu,8.16279553
sweep261,0.0005179474679231213,1e-06,0.78,100,128,128,0.2,42,cpu,23.42332654
sweep262,0.0005179474679231213,1e-06,0.85,100,128,128,0.2,42,cpu,1492.74067975
sweep263,0.0005179474679231213,1e-06,0.9199999999999999,100,128,128,0.2,42,cpu,961.23750284
sweep264,0.0005179474679231213,1e-06,0.99,100,128,128,0.2,42,cpu,574877.54514563
sweep265,0.0005179474679231213,2.6826957952797274e-06,0.5,100,128,128,0.2,42,cpu,1.80555269
sweep266,0.0005179474679231213,2.6826957952797274e-06,0.57,100,128,128,0.2,42,cpu,1.92340636
sweep267,0.0005179474679231213,2.6826957952797274e-06,0.64,100,128,128,0.2,42,cpu,1340.68194331
sweep268,0.0005179474679231213,2.6826957952797274e-06,0.71,100,128,128,0.2,42,cpu,83.9681039
sweep269,0.0005179474679231213,2.6826957952797274e-06,0.78,100,128,128,0.2,42,cpu,74.43519015
sweep270,0.0005179474679231213,2.6826957952797274e-06,0.85,100,128,128,0.2,42,cpu,1.82625454
sweep271,0.0005179474679231213,2.6826957952797274e-06,0.9199999999999999,100,128,128,0.2,42,cpu,1152065.56553398
sweep272,0.0005179474679231213,2.6826957952797274e-06,0.99,100,128,128,0.2,42,cpu,17228.26378375
sweep273,0.0005179474679231213,7.196856730011514e-06,0.5,100,128,128,0.2,42,cpu,1.82714632
sweep274,0.0005179474679231213,7.196856730011514e-06,0.57,100,128,128,0.2,42,cpu,17.59328195
sweep275,0.0005179474679231213,7.196856730011514e-06,0.64,100,128,128,0.2,42,cpu,46.93388059
sweep276,0.0005179474679231213,7.196856730011514e-06,0.71,100,128,128,0.2,42,cpu,6269.37341949
sweep277,0.0005179474679231213,7.196856730011514e-06,0.78,100,128,128,0.2,42,cpu,383.26481063
sweep278,0.0005179474679231213,7.196856730011514e-06,0.85,100,128,128,0.2,42,cpu,3.63805894
sweep279,0.0005179474679231213,7.196856730011514e-06,0.9199999999999999,100,128,128,0.2,42,cpu,59.57845626
sweep280,0.0005179474679231213,7.196856730011514e-06,0.99,100,128,128,0.2,42,cpu,170436991.5029126
sweep281,0.0005179474679231213,1.9306977288832496e-05,0.5,100,128,128,0.2,42,cpu,1.83115132
sweep282,0.0005179474679231213,1.9306977288832496e-05,0.57,100,128,128,0.2,42,cpu,1.78782977
sweep283,0.0005179474679231213,1.9306977288832496e-05,0.64,100,128,128,0.2,42,cpu,1.79430237
sweep284,0.0005179474679231213,1.9306977288832496e-05,0.71,100,128,128,0.2,42,cpu,27.69174891
sweep285,0.0005179474679231213,1.9306977288832496e-05,0.78,100,128,128,0.2,42,cpu,1.84336034
sweep286,0.0005179474679231213,1.9306977288832496e-05,0.85,100,128,128,0.2,42,cpu,1.81640631
sweep287,0.0005179474679231213,1.9306977288832496e-05,0.9199999999999999,100,128,128,0.2,42,cpu,2625.41507082
sweep288,0.0005179474679231213,1.9306977288832496e-05,0.99,100,128,128,0.2,42,cpu,36033.62723756
sweep289,0.0005179474679231213,5.1794746792312125e-05,0.5,100,128,128,0.2,42,cpu,1.80290244
sweep290,0.0005179474679231213,5.1794746792312125e-05,0.57,100,128,128,0.2,42,cpu,1.79398773
sweep291,0.0005179474679231213,5.1794746792312125e-05,0.64,100,128,128,0.2,42,cpu,16347.15308139
sweep292,0.0005179474679231213,5.1794746792312125e-05,0.71,100,128,128,0.2,42,cpu,1.79314603
sweep293,0.0005179474679231213,5.1794746792312125e-05,0.78,100,128,128,0.2,42,cpu,2.05176569
sweep294,0.0005179474679231213,5.1794746792312125e-05,0.85,100,128,128,0.2,42,cpu,15.29409623
sweep295,0.0005179474679231213,5.1794746792312125e-05,0.9199999999999999,100,128,128,0.2,42,cpu,195326408.66796115
sweep296,0.0005179474679231213,5.1794746792312125e-05,0.99,100,128,128,0.2,42,cpu,118131009587.69708
sweep297,0.0005179474679231213,0.00013894954943731373,0.5,100,128,128,0.2,42,cpu,18666.54831614
sweep298,0.0005179474679231213,0.00013894954943731373,0.57,100,128,128,0.2,42,cpu,1.87016904
sweep299,0.0005179474679231213,0.00013894954943731373,0.64,100,128,128,0.2,42,cpu,1.8644152
sweep300,0.0005179474679231213,0.00013894954943731373,0.71,100,128,128,0.2,42,cpu,76.65440509
sweep301,0.0005179474679231213,0.00013894954943731373,0.78,100,128,128,0.2,42,cpu,1963.47193805
sweep302,0.0005179474679231213,0.00013894954943731373,0.85,100,128,128,0.2,42,cpu,39133268.22135922
sweep303,0.0005179474679231213,0.00013894954943731373,0.9199999999999999,100,128,128,0.2,42,cpu,166.37585114
sweep304,0.0005179474679231213,0.00013894954943731373,0.99,100,128,128,0.2,42,cpu,23068341.10291262
sweep305,0.0005179474679231213,0.0003727593720314938,0.5,100,128,128,0.2,42,cpu,2.06861722
sweep306,0.0005179474679231213,0.0003727593720314938,0.57,100,128,128,0.2,42,cpu,1.80484662
sweep307,0.0005179474679231213,0.0003727593720314938,0.64,100,128,128,0.2,42,cpu,1.78827129
sweep308,0.0005179474679231213,0.0003727593720314938,0.71,100,128,128,0.2,42,cpu,1.93098873
sweep309,0.0005179474679231213,0.0003727593720314938,0.78,100,128,128,0.2,42,cpu,88001.06398665
sweep310,0.0005179474679231213,0.0003727593720314938,0.85,100,128,128,0.2,42,cpu,559325.97795813
sweep311,0.0005179474679231213,0.0003727593720314938,0.9199999999999999,100,128,128,0.2,42,cpu,142041295.5961165
sweep312,0.0005179474679231213,0.0003727593720314938,0.99,100,128,128,0.2,42,cpu,1028954633.0718447
sweep313,0.0005179474679231213,0.001,0.5,100,128,128,0.2,42,cpu,1.85237378
sweep314,0.0005179474679231213,0.001,0.57,100,128,128,0.2,42,cpu,2.2613076
sweep315,0.0005179474679231213,0.001,0.64,100,128,128,0.2,42,cpu,1.79152194
sweep316,0.0005179474679231213,0.001,0.71,100,128,128,0.2,42,cpu,32.52688548
sweep317,0.0005179474679231213,0.001,0.78,100,128,128,0.2,42,cpu,1.3386435654226841e+35
sweep318,0.0005179474679231213,0.001,0.85,100,128,128,0.2,42,cpu,26535.38801198
sweep319,0.0005179474679231213,0.001,0.9199999999999999,100,128,128,0.2,42,cpu,3.01395492
sweep320,0.0005179474679231213,0.001,0.99,100,128,128,0.2,42,cpu,11126.31125796
sweep321,0.0013894954943731374,1e-06,0.5,100,128,128,0.2,42,cpu,1.9439999
sweep322,0.0013894954943731374,1e-06,0.57,100,128,128,0.2,42,cpu,1.79086097
sweep323,0.0013894954943731374,1e-06,0.64,100,128,128,0.2,42,cpu,1.78746777
sweep324,0.0013894954943731374,1e-06,0.71,100,128,128,0.2,42,cpu,1.8217714
sweep325,0.0013894954943731374,1e-06,0.78,100,128,128,0.2,42,cpu,17.42570604
sweep326,0.0013894954943731374,1e-06,0.85,100,128,128,0.2,42,cpu,1.87449925
sweep327,0.0013894954943731374,1e-06,0.9199999999999999,100,128,128,0.2,42,cpu,179247.43067354
sweep328,0.0013894954943731374,1e-06,0.99,100,128,128,0.2,42,cpu,20587.00391004
sweep329,0.0013894954943731374,2.6826957952797274e-06,0.5,100,128,128,0.2,42,cpu,1.80464795
sweep330,0.0013894954943731374,2.6826957952797274e-06,0.57,100,128,128,0.2,42,cpu,1.80515048
sweep331,0.0013894954943731374,2.6826957952797274e-06,0.64,100,128,128,0.2,42,cpu,1.79108888
sweep332,0.0013894954943731374,2.6826957952797274e-06,0.71,100,128,128,0.2,42,cpu,12.67593941
sweep333,0.0013894954943731374,2.6826957952797274e-06,0.78,100,128,128,0.2,42,cpu,1032.67816115
sweep334,0.0013894954943731374,2.6826957952797274e-06,0.85,100,128,128,0.2,42,cpu,26042.20739154
sweep335,0.0013894954943731374,2.6826957952797274e-06,0.9199999999999999,100,128,128,0.2,42,cpu,33.7060101
sweep336,0.0013894954943731374,2.6826957952797274e-06,0.99,100,128,128,0.2,42,cpu,8569.64432077
sweep337,0.0013894954943731374,7.196856730011514e-06,0.5,100,128,128,0.2,42,cpu,38.16830379
sweep338,0.0013894954943731374,7.196856730011514e-06,0.57,100,128,128,0.2,42,cpu,1.80800724
sweep339,0.0013894954943731374,7.196856730011514e-06,0.64,100,128,128,0.2,42,cpu,19.99373452
sweep340,0.0013894954943731374,7.196856730011514e-06,0.71,100,128,128,0.2,42,cpu,457.04112857
sweep341,0.0013894954943731374,7.196856730011514e-06,0.78,100,128,128,0.2,42,cpu,32.70657852
sweep342,0.0013894954943731374,7.196856730011514e-06,0.85,100,128,128,0.2,42,cpu,55219.7549378
sweep343,0.0013894954943731374,7.196856730011514e-06,0.9199999999999999,100,128,128,0.2,42,cpu,18221520.24854369
sweep344,0.0013894954943731374,7.196856730011514e-06,0.99,100,128,128,0.2,42,cpu,16103.40703504
sweep345,0.0013894954943731374,1.9306977288832496e-05,0.5,100,128,128,0.2,42,cpu,1.80276962
sweep346,0.0013894954943731374,1.9306977288832496e-05,0.57,100,128,128,0.2,42,cpu,1.80147157
sweep347,0.0013894954943731374,1.9306977288832496e-05,0.64,100,128,128,0.2,42,cpu,1.83769079
sweep348,0.0013894954943731374,1.9306977288832496e-05,0.71,100,128,128,0.2,42,cpu,1.78801817
sweep349,0.0013894954943731374,1.9306977288832496e-05,0.78,100,128,128,0.2,42,cpu,2218.45649367
sweep350,0.0013894954943731374,1.9306977288832496e-05,0.85,100,128,128,0.2,42,cpu,70.70492052
sweep351,0.0013894954943731374,1.9306977288832496e-05,0.9199999999999999,100,128,128,0.2,42,cpu,33.66418136
sweep352,0.0013894954943731374,1.9306977288832496e-05,0.99,100,128,128,0.2,42,cpu,197361.03149272
sweep353,0.0013894954943731374,5.1794746792312125e-05,0.5,100,128,128,0.2,42,cpu,3.27405962
sweep354,0.0013894954943731374,5.1794746792312125e-05,0.57,100,128,128,0.2,42,cpu,1.80327485
sweep355,0.0013894954943731374,5.1794746792312125e-05,0.64,100,128,128,0.2,42,cpu,1.8008064
sweep356,0.0013894954943731374,5.1794746792312125e-05,0.71,100,128,128,0.2,42,cpu,2.47909782
sweep357,0.0013894954943731374,5.1794746792312125e-05,0.78,100,128,128,0.2,42,cpu,272.0449625
sweep358,0.0013894954943731374,5.1794746792312125e-05,0.85,100,128,128,0.2,42,cpu,232129.81652002
sweep359,0.0013894954943731374,5.1794746792312125e-05,0.9199999999999999,100,128,128,0.2,42,cpu,40.50467256
sweep360,0.0013894954943731374,5.1794746792312125e-05,0.99,100,128,128,0.2,42,cpu,48762.43331311
sweep361,0.0013894954943731374,0.00013894954943731373,0.5,100,128,128,0.2,42,cpu,1.80008426
sweep362,0.0013894954943731374,0.00013894954943731373,0.57,100,128,128,0.2,42,cpu,1.87920979
sweep363,0.0013894954943731374,0.00013894954943731373,0.64,100,128,128,0.2,42,cpu,9.71319446
sweep364,0.0013894954943731374,0.00013894954943731373,0.71,100,128,128,0.2,42,cpu,52.07969061
sweep365,0.0013894954943731374,0.00013894954943731373,0.78,100,128,128,0.2,42,cpu,11927.69340109
sweep366,0.0013894954943731374,0.00013894954943731373,0.85,100,128,128,0.2,42,cpu,23269.71283753
sweep367,0.0013894954943731374,0.00013894954943731373,0.9199999999999999,100,128,128,0.2,42,cpu,17783.02335786
sweep368,0.0013894954943731374,0.00013894954943731373,0.99,100,128,128,0.2,42,cpu,8124925362.454369
sweep369,0.0013894954943731374,0.0003727593720314938,0.5,100,128,128,0.2,42,cpu,11.55303245
sweep370,0.0013894954943731374,0.0003727593720314938,0.57,100,128,128,0.2,42,cpu,311.99175074
sweep371,0.0013894954943731374,0.0003727593720314938,0.64,100,128,128,0.2,42,cpu,45.09996379
sweep372,0.0013894954943731374,0.0003727593720314938,0.71,100,128,128,0.2,42,cpu,134.6180249
sweep373,0.0013894954943731374,0.0003727593720314938,0.78,100,128,128,0.2,42,cpu,1.85644303
sweep374,0.0013894954943731374,0.0003727593720314938,0.85,100,128,128,0.2,42,cpu,71.91526482
sweep375,0.0013894954943731374,0.0003727593720314938,0.9199999999999999,100,128,128,0.2,42,cpu,1694.7899151
sweep376,0.0013894954943731374,0.0003727593720314938,0.99,100,128,128,0.2,42,cpu,3695886.79320388
sweep377,0.0013894954943731374,0.001,0.5,100,128,128,0.2,42,cpu,2.67349309
sweep378,0.0013894954943731374,0.001,0.57,100,128,128,0.2,42,cpu,199.13111709
sweep379,0.0013894954943731374,0.001,0.64,100,128,128,0.2,42,cpu,519.67174926
sweep380,0.0013894954943731374,0.001,0.71,100,128,128,0.2,42,cpu,2857.08689178
sweep381,0.0013894954943731374,0.001,0.78,100,128,128,0.2,42,cpu,6.97491293
sweep382,0.0013894954943731374,0.001,0.85,100,128,128,0.2,42,cpu,21719.53607782
sweep383,0.0013894954943731374,0.001,0.9199999999999999,100,128,128,0.2,42,cpu,233.30457358
sweep384,0.0013894954943731374,0.001,0.99,100,128,128,0.2,42,cpu,121373070.83495146
sweep385,0.003727593720314938,1e-06,0.5,100,128,128,0.2,42,cpu,1.89173072
sweep386,0.003727593720314938,1e-06,0.57,100,128,128,0.2,42,cpu,1.79972227
sweep387,0.003727593720314938,1e-06,0.64,100,128,128,0.2,42,cpu,1.87664297
sweep388,0.003727593720314938,1e-06,0.71,100,128,128,0.2,42,cpu,7.15480069
sweep389,0.003727593720314938,1e-06,0.78,100,128,128,0.2,42,cpu,727.76501441
sweep390,0.003727593720314938,1e-06,0.85,100,128,128,0.2,42,cpu,1.84647714
sweep391,0.003727593720314938,1e-06,0.9199999999999999,100,128,128,0.2,42,cpu,35836.00353838
sweep392,0.003727593720314938,1e-06,0.99,100,128,128,0.2,42,cpu,68798091685.53009
sweep393,0.003727593720314938,2.6826957952797274e-06,0.5,100,128,128,0.2,42,cpu,2.00455781
sweep394,0.003727593720314938,2.6826957952797274e-06,0.57,100,128,128,0.2,42,cpu,2.72379009
sweep395,0.003727593720314938,2.6826957952797274e-06,0.64,100,128,128,0.2,42,cpu,1.85748957
sweep396,0.003727593720314938,2.6826957952797274e-06,0.71,100,128,128,0.2,42,cpu,1.85306789
sweep397,0.003727593720314938,2.6826957952797274e-06,0.78,100,128,128,0.2,42,cpu,197.31870336
sweep398,0.003727593720314938,2.6826957952797274e-06,0.85,100,128,128,0.2,42,cpu,4848718.97961165
sweep399,0.003727593720314938,2.6826957952797274e-06,0.9199999999999999,100,128,128,0.2,42,cpu,58440.64704945
sweep400,0.003727593720314938,2.6826957952797274e-06,0.99,100,128,128,0.2,42,cpu,750742564.2873787
sweep401,0.003727593720314938,7.196856730011514e-06,0.5,100,128,128,0.2,42,cpu,12.25271513
sweep402,0.003727593720314938,7.196856730011514e-06,0.57,100,128,128,0.2,42,cpu,13.7150861
sweep403,0.003727593720314938,7.196856730011514e-06,0.64,100,128,128,0.2,42,cpu,16.33540445
sweep404,0.003727593720314938,7.196856730011514e-06,0.71,100,128,128,0.2,42,cpu,169510382.66504854
sweep405,0.003727593720314938,7.196856730011514e-06,0.78,100,128,128,0.2,42,cpu,208.87373924
sweep406,0.003727593720314938,7.196856730011514e-06,0.85,100,128,128,0.2,42,cpu,6.12726939
sweep407,0.003727593720314938,7.196856730011514e-06,0.9199999999999999,100,128,128,0.2,42,cpu,18235023602.57864
sweep408,0.003727593720314938,7.196856730011514e-06,0.99,100,128,128,0.2,42,cpu,216096.48971481
sweep409,0.003727593720314938,1.9306977288832496e-05,0.5,100,128,128,0.2,42,cpu,2.01879839
sweep410,0.003727593720314938,1.9306977288832496e-05,0.57,100,128,128,0.2,42,cpu,2.10079338
sweep411,0.003727593720314938,1.9306977288832496e-05,0.64,100,128,128,0.2,42,cpu,1.79498955
sweep412,0.003727593720314938,1.9306977288832496e-05,0.71,100,128,128,0.2,42,cpu,405.40981463
sweep413,0.003727593720314938,1.9306977288832496e-05,0.78,100,128,128,0.2,42,cpu,4.09869391
sweep414,0.003727593720314938,1.9306977288832496e-05,0.85,100,128,128,0.2,42,cpu,1.9181791
sweep415,0.003727593720314938,1.9306977288832496e-05,0.9199999999999999,100,128,128,0.2,42,cpu,829.47756288
sweep416,0.003727593720314938,1.9306977288832496e-05,0.99,100,128,128,0.2,42,cpu,586120114.454369
sweep417,0.003727593720314938,5.1794746792312125e-05,0.5,100,128,128,0.2,42,cpu,1.79986224
sweep418,0.003727593720314938,5.1794746792312125e-05,0.57,100,128,128,0.2,42,cpu,10.63558327
sweep419,0.003727593720314938,5.1794746792312125e-05,0.64,100,128,128,0.2,42,cpu,1.85500909
sweep420,0.003727593720314938,5.1794746792312125e-05,0.71,100,128,128,0.2,42,cpu,1.84945766
sweep421,0.003727593720314938,5.1794746792312125e-05,0.78,100,128,128,0.2,42,cpu,542672.96001214
sweep422,0.003727593720314938,5.1794746792312125e-05,0.85,100,128,128,0.2,42,cpu,95986130.0815534
sweep423,0.003727593720314938,5.1794746792312125e-05,0.9199999999999999,100,128,128,0.2,42,cpu,802.69522018
sweep424,0.003727593720314938,5.1794746792312125e-05,0.99,100,128,128,0.2,42,cpu,2485216.05145631
sweep425,0.003727593720314938,0.00013894954943731373,0.5,100,128,128,0.2,42,cpu,1.80911519
sweep426,0.003727593720314938,0.00013894954943731373,0.57,100,128,128,0.2,42,cpu,1.82883731
sweep427,0.003727593720314938,0.00013894954943731373,0.64,100,128,128,0.2,42,cpu,1.78733048
sweep428,0.003727593720314938,0.00013894954943731373,0.71,100,128,128,0.2,42,cpu,63138.58525485
sweep429,0.003727593720314938,0.00013894954943731373,0.78,100,128,128,0.2,42,cpu,6.56395971
sweep430,0.003727593720314938,0.00013894954943731373,0.85,100,128,128,0.2,42,cpu,7.0389165
sweep431,0.003727593720314938,0.00013894954943731373,0.9199999999999999,100,128,128,0.2,42,cpu,2596896.45776699
sweep432,0.003727593720314938,0.00013894954943731373,0.99,100,128,128,0.2,42,cpu,32985478539.681553
sweep433,0.003727593720314938,0.0003727593720314938,0.5,100,128,128,0.2,42,cpu,1.7871234
sweep434,0.003727593720314938,0.0003727593720314938,0.57,100,128,128,0.2,42,cpu,1.79306268
sweep435,0.003727593720314938,0.0003727593720314938,0.64,100,128,128,0.2,42,cpu,1.83819772
sweep436,0.003727593720314938,0.0003727593720314938,0.71,100,128,128,0.2,42,cpu,727612.36371359
sweep437,0.003727593720314938,0.0003727593720314938,0.78,100,128,128,0.2,42,cpu,3539.30365073
sweep438,0.003727593720314938,0.0003727593720314938,0.85,100,128,128,0.2,42,cpu,46.94596296
sweep439,0.003727593720314938,0.0003727593720314938,0.9199999999999999,100,128,128,0.2,42,cpu,15.26202401
sweep440,0.003727593720314938,0.0003727593720314938,0.99,100,128,128,0.2,42,cpu,21227.08273665
sweep441,0.003727593720314938,0.001,0.5,100,128,128,0.2,42,cpu,7.50228826
sweep442,0.003727593720314938,0.001,0.57,100,128,128,0.2,42,cpu,1.78794035
sweep443,0.003727593720314938,0.001,0.64,100,128,128,0.2,42,cpu,98.5570463
sweep444,0.003727593720314938,0.001,0.71,100,128,128,0.2,42,cpu,250.20457159
sweep445,0.003727593720314938,0.001,0.78,100,128,128,0.2,42,cpu,37160.72676729
sweep446,0.003727593720314938,0.001,0.85,100,128,128,0.2,42,cpu,1.82161157
sweep447,0.003727593720314938,0.001,0.9199999999999999,100,128,128,0.2,42,cpu,1574.55272869
sweep448,0.003727593720314938,0.001,0.99,100,128,128,0.2,42,cpu,77440.22465109
sweep449,0.01,1e-06,0.5,100,128,128,0.2,42,cpu,1.7871444
sweep450,0.01,1e-06,0.57,100,128,128,0.2,42,cpu,1.86461227
sweep451,0.01,1e-06,0.64,100,128,128,0.2,42,cpu,11.41875391
sweep452,0.01,1e-06,0.71,100,128,128,0.2,42,cpu,85.61213487
sweep453,0.01,1e-06,0.78,100,128,128,0.2,42,cpu,386.82112148
sweep454,0.01,1e-06,0.85,100,128,128,0.2,42,cpu,124579866.31456311
sweep455,0.01,1e-06,0.9199999999999999,100,128,128,0.2,42,cpu,2721082.09126214
sweep456,0.01,1e-06,0.99,100,128,128,0.2,42,cpu,16554.03328277
sweep457,0.01,2.6826957952797274e-06,0.5,100,128,128,0.2,42,cpu,1.79875476
sweep458,0.01,2.6826957952797274e-06,0.57,100,128,128,0.2,42,cpu,4.13560055
sweep459,0.01,2.6826957952797274e-06,0.64,100,128,128,0.2,42,cpu,30.94691381
sweep460,0.01,2.6826957952797274e-06,0.71,100,128,128,0.2,42,cpu,2219.25382045
sweep461,0.01,2.6826957952797274e-06,0.78,100,128,128,0.2,42,cpu,1.79875859
sweep462,0.01,2.6826957952797274e-06,0.85,100,128,128,0.2,42,cpu,20132259.15728156
sweep463,0.01,2.6826957952797274e-06,0.9199999999999999,100,128,128,0.2,42,cpu,69.91830744
sweep464,0.01,2.6826957952797274e-06,0.99,100,128,128,0.2,42,cpu,inf
sweep465,0.01,7.196856730011514e-06,0.5,100,128,128,0.2,42,cpu,1.90937608
sweep466,0.01,7.196856730011514e-06,0.57,100,128,128,0.2,42,cpu,984.21324795
sweep467,0.01,7.196856730011514e-06,0.64,100,128,128,0.2,42,cpu,6061.58419201
sweep468,0.01,7.196856730011514e-06,0.71,100,128,128,0.2,42,cpu,2428.44220006
sweep469,0.01,7.196856730011514e-06,0.78,100,128,128,0.2,42,cpu,179.73786067
sweep470,0.01,7.196856730011514e-06,0.85,100,128,128,0.2,42,cpu,2516556412.768932
sweep471,0.01,7.196856730011514e-06,0.9199999999999999,100,128,128,0.2,42,cpu,2.02587326
sweep472,0.01,7.196856730011514e-06,0.99,100,128,128,0.2,42,cpu,5646854.01067961
sweep473,0.01,1.9306977288832496e-05,0.5,100,128,128,0.2,42,cpu,1.78721099
sweep474,0.01,1.9306977288832496e-05,0.57,100,128,128,0.2,42,cpu,1.89360518
sweep475,0.01,1.9306977288832496e-05,0.64,100,128,128,0.2,42,cpu,1.81178358
sweep476,0.01,1.9306977288832496e-05,0.71,100,128,128,0.2,42,cpu,1426910374.0271845
sweep477,0.01,1.9306977288832496e-05,0.78,100,128,128,0.2,42,cpu,12171.45704452
sweep478,0.01,1.9306977288832496e-05,0.85,100,128,128,0.2,42,cpu,407193.7306432
sweep479,0.01,1.9306977288832496e-05,0.9199999999999999,100,128,128,0.2,42,cpu,37.45116764
sweep480,0.01,1.9306977288832496e-05,0.99,100,128,128,0.2,42,cpu,20622336.92815534
sweep481,0.01,5.1794746792312125e-05,0.5,100,128,128,0.2,42,cpu,1.8084094
sweep482,0.01,5.1794746792312125e-05,0.57,100,128,128,0.2,42,cpu,1.88652997
sweep483,0.01,5.1794746792312125e-05,0.64,100,128,128,0.2,42,cpu,1.78822065
sweep484,0.01,5.1794746792312125e-05,0.71,100,128,128,0.2,42,cpu,1.96482791
sweep485,0.01,5.1794746792312125e-05,0.78,100,128,128,0.2,42,cpu,8977.2879532
sweep486,0.01,5.1794746792312125e-05,0.85,100,128,128,0.2,42,cpu,1.84233415
sweep487,0.01,5.1794746792312125e-05,0.9199999999999999,100,128,128,0.2,42,cpu,70.56389299
sweep488,0.01,5.1794746792312125e-05,0.99,100,128,128,0.2,42,cpu,2530494269.1417475
sweep489,0.01,0.00013894954943731373,0.5,100,128,128,0.2,42,cpu,9.6701553
sweep490,0.01,0.00013894954943731373,0.57,100,128,128,0.2,42,cpu,229.37463509
sweep491,0.01,0.00013894954943731373,0.64,100,128,128,0.2,42,cpu,1.95027541
sweep492,0.01,0.00013894954943731373,0.71,100,128,128,0.2,42,cpu,1.80908608
sweep493,0.01,0.00013894954943731373,0.78,100,128,128,0.2,42,cpu,2154250.78859223
sweep494,0.01,0.00013894954943731373,0.85,100,128,128,0.2,42,cpu,17788.59363812
sweep495,0.01,0.00013894954943731373,0.9199999999999999,100,128,128,0.2,42,cpu,51.67615126
sweep496,0.01,0.00013894954943731373,0.99,100,128,128,0.2,42,cpu,117987413674.00389
sweep497,0.01,0.0003727593720314938,0.5,100,128,128,0.2,42,cpu,1.80703917
sweep498,0.01,0.0003727593720314938,0.57,100,128,128,0.2,42,cpu,1.79345639
sweep499,0.01,0.0003727593720314938,0.64,100,128,128,0.2,42,cpu,1.81748953
sweep500,0.01,0.0003727593720314938,0.71,100,128,128,0.2,42,cpu,1.82393175
sweep501,0.01,0.0003727593720314938,0.78,100,128,128,0.2,42,cpu,1.78821444
sweep502,0.01,0.0003727593720314938,0.85,100,128,128,0.2,42,cpu,10933.48705533
sweep503,0.01,0.0003727593720314938,0.9199999999999999,100,128,128,0.2,42,cpu,69.06014188
sweep504,0.01,0.0003727593720314938,0.99,100,128,128,0.2,42,cpu,7980744.17281553
sweep505,0.01,0.001,0.5,100,128,128,0.2,42,cpu,7.35971685
sweep506,0.01,0.001,0.57,100,128,128,0.2,42,cpu,1.78667203
sweep507,0.01,0.001,0.64,100,128,128,0.2,42,cpu,1.91552027
sweep508,0.01,0.001,0.71,100,128,128,0.2,42,cpu,6.8142705
sweep509,0.01,0.001,0.78,100,128,128,0.2,42,cpu,755171.91929612
sweep510,0.01,0.001,0.85,100,128,128,0.2,42,cpu,41.76271214
sweep511,0.01,0.001,0.9199999999999999,100,128,128,0.2,42,cpu,31636.14010922
sweep512,0.01,0.001,0.99,100,128,128,0.2,42,cpu,444509.88070388
1,sweep_dog_cnn_mnist_a=1.00e-08_e=1.00e-10_i=1,1e-08,1e-10,10,12,55,,
2,sweep_dog_cnn_mnist_a=1.00e-08_e=3.16e-10_i=2,1e-08,3.16e-10,10,12,55,,
1,sweep_dog_cnn_mnist_a=1.00e-08_e=1.00e-10_i=1,1e-08,1e-10,10,12,55,,
1,sweep_dog_cnn_mnist_a=1.00e-08_e=1.00e-10_i=1,1e-08,1e-10,10,12,55,2.30442872,0.1135
2,sweep_dog_cnn_mnist_a=1.00e-08_e=3.16e-10_i=2,1e-08,3.16e-10,10,12,55,2.30442872,0.1135
3,sweep_dog_cnn_mnist_a=1.00e-08_e=1.00e-09_i=3,1e-08,1e-09,10,12,55,2.30442872,0.1135
4,sweep_dog_cnn_mnist_a=1.00e-08_e=3.16e-09_i=4,1e-08,3.16e-09,10,12,55,2.30442872,0.1135
5,sweep_dog_cnn_mnist_a=1.00e-08_e=1.00e-08_i=5,1e-08,1e-08,10,12,55,2.30442872,0.1135
6,sweep_dog_cnn_mnist_a=1.00e-08_e=3.16e-08_i=6,1e-08,3.16e-08,10,12,55,2.30605646,0.1135
7,sweep_dog_cnn_mnist_a=1.00e-08_e=1.00e-07_i=7,1e-08,1e-07,10,12,55,2.31240685,0.1135
8,sweep_dog_cnn_mnist_a=3.16e-08_e=1.00e-10_i=8,3.16e-08,1e-10,10,12,55,2.3066233,0.1135
9,sweep_dog_cnn_mnist_a=3.16e-08_e=3.16e-10_i=9,3.16e-08,3.16e-10,10,12,55,2.3066233,0.1135
10,sweep_dog_cnn_mnist_a=3.16e-08_e=1.00e-09_i=10,3.16e-08,1e-09,10,12,55,2.3066233,0.1135
11,sweep_dog_cnn_mnist_a=3.16e-08_e=3.16e-09_i=11,3.16e-08,3.16e-09,10,12,55,2.3066233,0.1135
12,sweep_dog_cnn_mnist_a=3.16e-08_e=1.00e-08_i=12,3.16e-08,1e-08,10,12,55,4081347.668,0.1135
13,sweep_dog_cnn_mnist_a=3.16e-08_e=3.16e-08_i=13,3.16e-08,3.16e-08,10,12,55,9531.62877988,0.1135
14,sweep_dog_cnn_mnist_a=3.16e-08_e=1.00e-07_i=14,3.16e-08,1e-07,10,12,55,2.3078936,0.1135
15,sweep_dog_cnn_mnist_a=1.00e-07_e=1.00e-10_i=15,1e-07,1e-10,10,12,55,2.30337833,0.1135
16,sweep_dog_cnn_mnist_a=1.00e-07_e=3.16e-10_i=16,1e-07,3.16e-10,10,12,55,2.30337833,0.1135
17,sweep_dog_cnn_mnist_a=1.00e-07_e=1.00e-09_i=17,1e-07,1e-09,10,12,55,2.30337833,0.1135
18,sweep_dog_cnn_mnist_a=1.00e-07_e=3.16e-09_i=18,1e-07,3.16e-09,10,12,55,2.30339389,0.1135
19,sweep_dog_cnn_mnist_a=1.00e-07_e=1.00e-08_i=19,1e-07,1e-08,10,12,55,8840880.9618,0.1135
20,sweep_dog_cnn_mnist_a=1.00e-07_e=3.16e-08_i=20,1e-07,3.16e-08,10,12,55,2.30434527,0.1135
21,sweep_dog_cnn_mnist_a=1.00e-07_e=1.00e-07_i=21,1e-07,1e-07,10,12,55,46160.39910547,0.1135
22,sweep_dog_cnn_mnist_a=3.16e-07_e=1.00e-10_i=22,3.16e-07,1e-10,10,12,55,2.30462518,0.1135
23,sweep_dog_cnn_mnist_a=3.16e-07_e=3.16e-10_i=23,3.16e-07,3.16e-10,10,12,55,2.30462518,0.1135
24,sweep_dog_cnn_mnist_a=3.16e-07_e=1.00e-09_i=24,3.16e-07,1e-09,10,12,55,2.30462518,0.1135
25,sweep_dog_cnn_mnist_a=3.16e-07_e=3.16e-09_i=25,3.16e-07,3.16e-09,10,12,55,2.32994456,0.1135
26,sweep_dog_cnn_mnist_a=3.16e-07_e=1.00e-08_i=26,3.16e-07,1e-08,10,12,55,65140.79870469,0.1032
27,sweep_dog_cnn_mnist_a=3.16e-07_e=3.16e-08_i=27,3.16e-07,3.16e-08,10,12,55,6455741.465075,0.1135
28,sweep_dog_cnn_mnist_a=3.16e-07_e=1.00e-07_i=28,3.16e-07,1e-07,10,12,55,2.30635052,0.1135
29,sweep_dog_cnn_mnist_a=1.00e-06_e=1.00e-10_i=29,1e-06,1e-10,10,12,55,7127024.19965,0.1032
30,sweep_dog_cnn_mnist_a=1.00e-06_e=3.16e-10_i=30,1e-06,3.16e-10,10,12,55,7127024.19965,0.1032
31,sweep_dog_cnn_mnist_a=1.00e-06_e=1.00e-09_i=31,1e-06,1e-09,10,12,55,2.31790959,0.1135
32,sweep_dog_cnn_mnist_a=1.00e-06_e=3.16e-09_i=32,1e-06,3.16e-09,10,12,55,2.31622634,0.1135
33,sweep_dog_cnn_mnist_a=1.00e-06_e=1.00e-08_i=33,1e-06,1e-08,10,12,55,3973849.5148,0.1135
34,sweep_dog_cnn_mnist_a=1.00e-06_e=3.16e-08_i=34,1e-06,3.16e-08,10,12,55,2.3037862,0.1135
35,sweep_dog_cnn_mnist_a=1.00e-06_e=1.00e-07_i=35,1e-06,1e-07,10,12,55,1466.9007725,0.1009
36,sweep_dog_cnn_mnist_a=3.16e-06_e=1.00e-10_i=36,3.16e-06,1e-10,10,12,55,2.3239218,0.1032
37,sweep_dog_cnn_mnist_a=3.16e-06_e=3.16e-10_i=37,3.16e-06,3.16e-10,10,12,55,2.3239218,0.1032
38,sweep_dog_cnn_mnist_a=3.16e-06_e=1.00e-09_i=38,3.16e-06,1e-09,10,12,55,2.30305725,0.1135
39,sweep_dog_cnn_mnist_a=3.16e-06_e=3.16e-09_i=39,3.16e-06,3.16e-09,10,12,55,2.30448285,0.1135
40,sweep_dog_cnn_mnist_a=3.16e-06_e=1.00e-08_i=40,3.16e-06,1e-08,10,12,55,2.307107,0.1135
41,sweep_dog_cnn_mnist_a=3.16e-06_e=3.16e-08_i=41,3.16e-06,3.16e-08,10,12,55,2.31520414,0.1032
42,sweep_dog_cnn_mnist_a=3.16e-06_e=1.00e-07_i=42,3.16e-06,1e-07,10,12,55,21.57198713,0.1135
43,sweep_dog_cnn_mnist_a=1.00e-05_e=1.00e-10_i=43,1e-05,1e-10,10,12,55,2.3032029,0.1135
44,sweep_dog_cnn_mnist_a=1.00e-05_e=3.16e-10_i=44,1e-05,3.16e-10,10,12,55,2.3032029,0.1135
45,sweep_dog_cnn_mnist_a=1.00e-05_e=1.00e-09_i=45,1e-05,1e-09,10,12,55,2.30833136,0.1135
46,sweep_dog_cnn_mnist_a=1.00e-05_e=3.16e-09_i=46,1e-05,3.16e-09,10,12,55,7453140.4296,0.1135
47,sweep_dog_cnn_mnist_a=1.00e-05_e=1.00e-08_i=47,1e-05,1e-08,10,12,55,2.30202607,0.1135
48,sweep_dog_cnn_mnist_a=1.00e-05_e=3.16e-08_i=48,1e-05,3.16e-08,10,12,55,250157.089625,0.1135
49,sweep_dog_cnn_mnist_a=1.00e-05_e=1.00e-07_i=49,1e-05,1e-07,10,12,55,10013741.5326,0.1399
